{"Labels": {"_type": "images/separated", "width": 1600, "height": 1600, "format": "jpg", "count": 2, "captions": ["labels.jpg", "labels_correlogram.jpg"]}, "_runtime": 3981, "_timestamp": 1618423275, "_step": 638, "Mosaics": {"_type": "images/separated", "width": 1280, "height": 1280, "format": "jpg", "count": 3, "captions": ["train_batch0.jpg", "train_batch1.jpg", "train_batch2.jpg"]}, "train/box_loss": 0.019258659332990646, "train/obj_loss": 0.027009613811969757, "train/cls_loss": 0.0214005708694458, "metrics/precision": 0.5279740256593894, "metrics/recall": 0.8265499193441284, "metrics/mAP_0.5": 0.7527683706528988, "metrics/mAP_0.5:0.95": 0.5972130764625363, "val/box_loss": 0.01269507221877575, "val/obj_loss": 0.013827898539602757, "val/cls_loss": 0.01771470159292221, "x/lr0": 0.007335227436935083, "x/lr1": 0.007335227436935083, "x/lr2": 0.007335227436935083}